timestamp,git_commit,backbone,seed,epochs,val_f1,test_macro_f1,test_acc,field_acc,field_f1,checkpoint_path
2026-09-24T01:21:14.364459,9d1373b,efficientnet_b0,42,2,0.6792,0.6965,0.7237,0.525,0.5107,C:\Gaurav's Den\crazy-shits\smart-classification\checkpoints\benchmark\efficientnet_b0_seed42\phase1-efficientnet_b0-epoch=01-val_f1=0.679.ckpt
2026-09-24T01:29:57.053468,9d1373b,efficientnet_b0,123,2,0.6761,0.7359,0.7553,0.5167,0.5131,C:\Gaurav's Den\crazy-shits\smart-classification\checkpoints\benchmark\efficientnet_b0_seed123\phase1-efficientnet_b0-epoch=01-val_f1=0.676.ckpt
2026-09-24T01:38:57.302160,9d1373b,efficientnet_b0,456,2,0.6702,0.7003,0.7211,0.5333,0.5219,C:\Gaurav's Den\crazy-shits\smart-classification\checkpoints\benchmark\efficientnet_b0_seed456\phase1-efficientnet_b0-epoch=01-val_f1=0.670.ckpt
2026-09-24T01:45:48.735551,9d1373b,mobilenetv3_large_100,42,2,0.7127,0.7394,0.7605,0.5667,0.559,C:\Gaurav's Den\crazy-shits\smart-classification\checkpoints\benchmark\mobilenetv3_large_100_seed42\phase1-mobilenetv3_large_100-epoch=01-val_f1=0.713.ckpt
2026-09-24T01:52:45.806211,9d1373b,mobilenetv3_large_100,123,2,0.6965,0.7109,0.7289,0.5833,0.5732,C:\Gaurav's Den\crazy-shits\smart-classification\checkpoints\benchmark\mobilenetv3_large_100_seed123\phase1-mobilenetv3_large_100-epoch=01-val_f1=0.697.ckpt
2026-09-24T01:59:43.882351,9d1373b,mobilenetv3_large_100,456,2,0.7001,0.737,0.7526,0.5417,0.5416,C:\Gaurav's Den\crazy-shits\smart-classification\checkpoints\benchmark\mobilenetv3_large_100_seed456\phase1-mobilenetv3_large_100-epoch=01-val_f1=0.700.ckpt
2026-09-24T02:14:45.861509,9d1373b,resnet50,42,2,0.6391,0.6021,0.6395,0.475,0.4549,C:\Gaurav's Den\crazy-shits\smart-classification\checkpoints\benchmark\resnet50_seed42\phase1-resnet50-epoch=01-val_f1=0.639.ckpt
2026-09-24T02:27:10.346878,9d1373b,resnet50,123,2,0.6208,0.627,0.6526,0.5167,0.506,C:\Gaurav's Den\crazy-shits\smart-classification\checkpoints\benchmark\resnet50_seed123\phase1-resnet50-epoch=01-val_f1=0.621.ckpt
2026-09-24T02:39:12.673468,9d1373b,resnet50,456,2,0.5837,0.5796,0.5974,0.3917,0.3631,C:\Gaurav's Den\crazy-shits\smart-classification\checkpoints\benchmark\resnet50_seed456\phase1-resnet50-epoch=01-val_f1=0.584.ckpt
